Prop_Older_Adults,Name
0.0599420499818906,Mission Hill
0.124062713019768,West Roxbury
0.175975846452448,West Roxbury
0.176600067727735,West Roxbury
0.0835828343313373,Mission Hill
0.053024453024453,Mission Hill
0.0227113088269726,Mission Hill
0.211306446053085,West Roxbury
0.120227139220678,West Roxbury
0.0982634476916561,South End
0.0491071428571429,South End
0.117032967032967,South End
0.0540123456790123,South End
0.113701431492843,Mission Hill
0.0846374960076653,South End
